"Longitude (x)","Latitude (y)","Station Name","Climate ID","Date/Time","Year","Month","Day","Data Quality","Max Temp (°C)","Max Temp Flag","Min Temp (°C)","Min Temp Flag","Mean Temp (°C)","Mean Temp Flag","Heat Deg Days (°C)","Heat Deg Days Flag","Cool Deg Days (°C)","Cool Deg Days Flag","Total Rain (mm)","Total Rain Flag","Total Snow (cm)","Total Snow Flag","Total Precip (mm)","Total Precip Flag","Snow on Grnd (cm)","Snow on Grnd Flag","Dir of Max Gust (10s deg)","Dir of Max Gust Flag","Spd of Max Gust (km/h)","Spd of Max Gust Flag"
"-123.30","49.11","SANDHEADS CS","1107010","2014-01-01","2014","01","01","","6.4","","4.6","","5.5","","12.5","","0.0","","","M","","M","","M","","","","","<31",""
"-123.30","49.11","SANDHEADS CS","1107010","2014-01-02","2014","01","02","","8.6","","5.9","","7.3","","10.7","","0.0","","","M","","M","","M","","","32","","76",""
"-123.30","49.11","SANDHEADS CS","1107010","2014-01-03","2014","01","03","","7.2","","5.0","","6.1","","11.9","","0.0","","","M","","M","","M","","","31","","82",""
"-123.30","49.11","SANDHEADS CS","1107010","2014-01-04","2014","01","04","","7.4","","2.1","","4.8","","13.2","","0.0","","","M","","M","","M","","","","","<31",""
"-123.30","49.11","SANDHEADS CS","1107010","2014-01-05","2014","01","05","","5.0","","1.3","","3.2","","14.8","","0.0","","","M","","M","","M","","","","","<31",""
"-123.30","49.11","SANDHEADS CS","1107010","2014-01-06","2014","01","06","","4.5","","2.4","","3.5","","14.5","","0.0","","","M","","M","","M","","","","","<31",""
"-123.30","49.11","SANDHEADS CS","1107010","2014-01-07","2014","01","07","","6.4","","2.8","","4.6","","13.4","","0.0","","","M","","M","","M","","","","","<31",""
"-123.30","49.11","SANDHEADS CS","1107010","2014-01-08","2014","01","08","","8.7","","5.3","","7.0","","11.0","","0.0","","","M","","M","","M","","","","","<31",""
"-123.30","49.11","SANDHEADS CS","1107010","2014-01-09","2014","01","09","","8.2","","4.0","","6.1","","11.9","","0.0","","","M","","M","","M","","","29","","76",""
"-123.30","49.11","SANDHEADS CS","1107010","2014-01-10","2014","01","10","","9.3","","4.1","","6.7","","11.3","","0.0","","","M","","M","","M","","","14","","61",""
"-123.30","49.11","SANDHEADS CS","1107010","2014-01-11","2014","01","11","","10.0","","5.3","","7.7","","10.3","","0.0","","","M","","M","","M","","","19","","72",""
"-123.30","49.11","SANDHEADS CS","1107010","2014-01-12","2014","01","12","","7.8","","4.3","","6.1","","11.9","","0.0","","","M","","M","","M","","","31","","61",""
"-123.30","49.11","SANDHEADS CS","1107010","2014-01-13","2014","01","13","","11.8","","5.2","","8.5","","9.5","","0.0","","","M","","M","","M","","","23","","33",""
"-123.30","49.11","SANDHEADS CS","1107010","2014-01-14","2014","01","14","","9.1","","5.8","","7.5","","10.5","","0.0","","","M","","M","","M","","","","","<31",""
"-123.30","49.11","SANDHEADS CS","1107010","2014-01-15","2014","01","15","","7.8","","5.4","","6.6","","11.4","","0.0","","","M","","M","","M","","","","","<31",""
"-123.30","49.11","SANDHEADS CS","1107010","2014-01-16","2014","01","16","","6.7","","3.2","","5.0","","13.0","","0.0","","","M","","M","","M","","","","","<31",""
"-123.30","49.11","SANDHEADS CS","1107010","2014-01-17","2014","01","17","","5.6","","3.7","","4.7","","13.3","","0.0","","","M","","M","","M","","","","","<31",""
"-123.30","49.11","SANDHEADS CS","1107010","2014-01-18","2014","01","18","","5.6","","2.6","","4.1","","13.9","","0.0","","","M","","M","","M","","","","","<31",""
"-123.30","49.11","SANDHEADS CS","1107010","2014-01-19","2014","01","19","","6.1","","4.7","","5.4","","12.6","","0.0","","","M","","M","","M","","","","","<31",""
"-123.30","49.11","SANDHEADS CS","1107010","2014-01-20","2014","01","20","","6.0","","4.1","","5.1","","12.9","","0.0","","","M","","M","","M","","","","","<31",""
"-123.30","49.11","SANDHEADS CS","1107010","2014-01-21","2014","01","21","","6.7","","3.6","","5.2","","12.8","","0.0","","","M","","M","","M","","","","","<31",""
"-123.30","49.11","SANDHEADS CS","1107010","2014-01-22","2014","01","22","","6.2","","4.8","","5.5","","12.5","","0.0","","","M","","M","","M","","","33","","37",""
"-123.30","49.11","SANDHEADS CS","1107010","2014-01-23","2014","01","23","","5.7","","3.9","","4.8","","13.2","","0.0","","","M","","M","","M","","","33","","37",""
"-123.30","49.11","SANDHEADS CS","1107010","2014-01-24","2014","01","24","","6.2","","3.6","","4.9","","13.1","","0.0","","","M","","M","","M","","","","","<31",""
"-123.30","49.11","SANDHEADS CS","1107010","2014-01-25","2014","01","25","","6.2","","1.9","","4.1","","13.9","","0.0","","","M","","M","","M","","","","","<31",""
"-123.30","49.11","SANDHEADS CS","1107010","2014-01-26","2014","01","26","","4.3","","2.9","","3.6","","14.4","","0.0","","","M","","M","","M","","","","","<31",""
"-123.30","49.11","SANDHEADS CS","1107010","2014-01-27","2014","01","27","","5.5","","2.8","","4.2","","13.8","","0.0","","","M","","M","","M","","","","","<31",""
"-123.30","49.11","SANDHEADS CS","1107010","2014-01-28","2014","01","28","","6.5","","5.0","","5.8","","12.2","","0.0","","","M","","M","","M","","","","","<31",""
"-123.30","49.11","SANDHEADS CS","1107010","2014-01-29","2014","01","29","","7.7","","6.3","","7.0","","11.0","","0.0","","","M","","M","","M","","","32","","57",""
"-123.30","49.11","SANDHEADS CS","1107010","2014-01-30","2014","01","30","","7.3","","4.1","","5.7","","12.3","","0.0","","","M","","M","","M","","","12","","41",""
"-123.30","49.11","SANDHEADS CS","1107010","2014-01-31","2014","01","31","","7.5","","2.9","","5.2","","12.8","","0.0","","","M","","M","","M","","","","","<31",""
"-123.30","49.11","SANDHEADS CS","1107010","2014-02-01","2014","02","01","","3.6","","1.1","","2.4","","15.6","","0.0","","","M","","M","","M","","","","","<31",""
"-123.30","49.11","SANDHEADS CS","1107010","2014-02-02","2014","02","02","","5.0","","2.6","","3.8","","14.2","","0.0","","","M","","M","","M","","","32","","32",""
"-123.30","49.11","SANDHEADS CS","1107010","2014-02-03","2014","02","03","","3.6","","0.1","","1.9","","16.1","","0.0","","","M","","M","","M","","","12","","41",""
"-123.30","49.11","SANDHEADS CS","1107010","2014-02-04","2014","02","04","","0.4","","-2.2","","-0.9","","18.9","","0.0","","","M","","M","","M","","","10","","44",""
"-123.30","49.11","SANDHEADS CS","1107010","2014-02-05","2014","02","05","","-1.0","","-3.1","","-2.1","","20.1","","0.0","","","M","","M","","M","","","11","","61",""
"-123.30","49.11","SANDHEADS CS","1107010","2014-02-06","2014","02","06","","0.2","","-4.8","","-2.3","","20.3","","0.0","","","M","","M","","M","","","11","","46",""
"-123.30","49.11","SANDHEADS CS","1107010","2014-02-07","2014","02","07","","1.3","","-2.5","","-0.6","","18.6","","0.0","","","M","","M","","M","","","11","","32",""
"-123.30","49.11","SANDHEADS CS","1107010","2014-02-08","2014","02","08","","3.0","","-2.1","","0.5","","17.5","","0.0","","","M","","M","","M","","","32","","37",""
"-123.30","49.11","SANDHEADS CS","1107010","2014-02-09","2014","02","09","","2.9","","-0.2","","1.4","","16.6","","0.0","","","M","","M","","M","","","","","<31",""
"-123.30","49.11","SANDHEADS CS","1107010","2014-02-10","2014","02","10","","8.6","","0.9","","4.8","","13.2","","0.0","","","M","","M","","M","","","22","","52",""
"-123.30","49.11","SANDHEADS CS","1107010","2014-02-11","2014","02","11","","8.0","","2.9","","5.5","","12.5","","0.0","","","M","","M","","M","","","11","","46",""
"-123.30","49.11","SANDHEADS CS","1107010","2014-02-12","2014","02","12","","9.1","","4.9","","7.0","","11.0","","0.0","","","M","","M","","M","","","14","","59",""
"-123.30","49.11","SANDHEADS CS","1107010","2014-02-13","2014","02","13","","9.8","","4.6","","7.2","","10.8","","0.0","","","M","","M","","M","","","23","","43",""
"-123.30","49.11","SANDHEADS CS","1107010","2014-02-14","2014","02","14","","10.8","","3.9","","7.4","","10.6","","0.0","","","M","","M","","M","","","15","","67",""
"-123.30","49.11","SANDHEADS CS","1107010","2014-02-15","2014","02","15","","9.5","","4.8","","7.2","","10.8","","0.0","","","M","","M","","M","","","22","","63",""
"-123.30","49.11","SANDHEADS CS","1107010","2014-02-16","2014","02","16","","8.0","","4.2","","6.1","","11.9","","0.0","","","M","","M","","M","","","17","","89",""
"-123.30","49.11","SANDHEADS CS","1107010","2014-02-17","2014","02","17","","7.3","","5.9","","6.6","","11.4","","0.0","","","M","","M","","M","","","18","","48",""
"-123.30","49.11","SANDHEADS CS","1107010","2014-02-18","2014","02","18","","8.3","","5.6","","7.0","","11.0","","0.0","","","M","","M","","M","","","19","","63",""
"-123.30","49.11","SANDHEADS CS","1107010","2014-02-19","2014","02","19","","8.8","","4.3","","6.6","","11.4","","0.0","","","M","","M","","M","","","16","","46",""
"-123.30","49.11","SANDHEADS CS","1107010","2014-02-20","2014","02","20","","10.9","","3.6","","7.3","","10.7","","0.0","","","M","","M","","M","","","31","","65",""
"-123.30","49.11","SANDHEADS CS","1107010","2014-02-21","2014","02","21","","6.4","","3.8","","5.1","","12.9","","0.0","","","M","","M","","M","","","31","","57",""
"-123.30","49.11","SANDHEADS CS","1107010","2014-02-22","2014","02","22","","4.8","","0.5","","2.7","","15.3","","0.0","","","M","","M","","M","","","","","<31",""
"-123.30","49.11","SANDHEADS CS","1107010","2014-02-23","2014","02","23","","1.3","","0.1","","0.7","","17.3","","0.0","","","M","","M","","M","","","11","","32",""
"-123.30","49.11","SANDHEADS CS","1107010","2014-02-24","2014","02","24","","1.7","","0.2","","1.0","","17.0","","0.0","","","M","","M","","M","","","","","<31",""
"-123.30","49.11","SANDHEADS CS","1107010","2014-02-25","2014","02","25","","5.2","","-0.1","","2.6","","15.4","","0.0","","","M","","M","","M","","","","","<31",""
"-123.30","49.11","SANDHEADS CS","1107010","2014-02-26","2014","02","26","","5.5","","2.6","","4.1","","13.9","","0.0","","","M","","M","","M","","","","","<31",""
"-123.30","49.11","SANDHEADS CS","1107010","2014-02-27","2014","02","27","","7.0","","4.5","","5.8","","12.2","","0.0","","","M","","M","","M","","","32","","33",""
"-123.30","49.11","SANDHEADS CS","1107010","2014-02-28","2014","02","28","","7.5","","4.5","","6.0","","12.0","","0.0","","","M","","M","","M","","","33","","35",""
"-123.30","49.11","SANDHEADS CS","1107010","2014-03-01","2014","03","01","","7.4","","-0.3","","3.6","","14.4","","0.0","","","M","","M","","M","","","13","","43",""
"-123.30","49.11","SANDHEADS CS","1107010","2014-03-02","2014","03","02","","2.9","","-0.7","","1.1","","16.9","","0.0","","","M","","M","","M","","","12","","33",""
"-123.30","49.11","SANDHEADS CS","1107010","2014-03-03","2014","03","03","","9.3","","2.5","","5.9","","12.1","","0.0","","","M","","M","","M","","","16","","41",""
"-123.30","49.11","SANDHEADS CS","1107010","2014-03-04","2014","03","04","","5.6","","1.5","","3.6","","14.4","","0.0","","","M","","M","","M","","","31","","33",""
"-123.30","49.11","SANDHEADS CS","1107010","2014-03-05","2014","03","05","","10.1","","3.8","","7.0","","11.0","","0.0","","","M","","M","","M","","","11","","37",""
"-123.30","49.11","SANDHEADS CS","1107010","2014-03-06","2014","03","06","","10.1","","6.9","","8.5","","9.5","","0.0","","","M","","M","","M","","","16","","46",""
"-123.30","49.11","SANDHEADS CS","1107010","2014-03-07","2014","03","07","","10.2","","7.2","","8.7","","9.3","","0.0","","","M","","M","","M","","","16","","35",""
"-123.30","49.11","SANDHEADS CS","1107010","2014-03-08","2014","03","08","","9.0","","6.6","","7.8","","10.2","","0.0","","","M","","M","","M","","","13","","48",""
"-123.30","49.11","SANDHEADS CS","1107010","2014-03-09","2014","03","09","","13.9","","7.2","","10.6","","7.4","","0.0","","","M","","M","","M","","","","","<31",""
"-123.30","49.11","SANDHEADS CS","1107010","2014-03-10","2014","03","10","","9.9","","6.7","","8.3","","9.7","","0.0","","","M","","M","","M","","","31","","54",""
"-123.30","49.11","SANDHEADS CS","1107010","2014-03-11","2014","03","11","","9.5","","3.9","","6.7","","11.3","","0.0","","","M","","M","","M","","","28","","37",""
"-123.30","49.11","SANDHEADS CS","1107010","2014-03-12","2014","03","12","","9.4","","4.6","","7.0","","11.0","","0.0","","","M","","M","","M","","","32","","44",""
"-123.30","49.11","SANDHEADS CS","1107010","2014-03-13","2014","03","13","","8.8","","5.7","","7.3","","10.7","","0.0","","","M","","M","","M","","","32","","44",""
"-123.30","49.11","SANDHEADS CS","1107010","2014-03-14","2014","03","14","","12.7","","6.9","","9.8","","8.2","","0.0","","","M","","M","","M","","","21","","35",""
"-123.30","49.11","SANDHEADS CS","1107010","2014-03-15","2014","03","15","","10.5","","6.8","","8.7","","9.3","","0.0","","","M","","M","","M","","","19","","46",""
"-123.30","49.11","SANDHEADS CS","1107010","2014-03-16","2014","03","16","","10.0","","5.2","","7.6","","10.4","","0.0","","","M","","M","","M","","","32","","72",""
"-123.30","49.11","SANDHEADS CS","1107010","2014-03-17","2014","03","17","","8.2","","5.7","","7.0","","11.0","","0.0","","","M","","M","","M","","","32","","85",""
"-123.30","49.11","SANDHEADS CS","1107010","2014-03-18","2014","03","18","","7.1","","4.3","","5.7","","12.3","","0.0","","","M","","M","","M","","","11","","32",""
"-123.30","49.11","SANDHEADS CS","1107010","2014-03-19","2014","03","19","","8.7","","5.7","","7.2","","10.8","","0.0","","","M","","M","","M","","","29","","61",""
"-123.30","49.11","SANDHEADS CS","1107010","2014-03-20","2014","03","20","","7.4","","5.2","","6.3","","11.7","","0.0","","","M","","M","","M","","","31","","33",""
"-123.30","49.11","SANDHEADS CS","1107010","2014-03-21","2014","03","21","","6.9","","4.3","","5.6","","12.4","","0.0","","","M","","M","","M","","","31","","33",""
"-123.30","49.11","SANDHEADS CS","1107010","2014-03-22","2014","03","22","","6.5","","3.6","","5.1","","12.9","","0.0","","","M","","M","","M","","","9","","33",""
"-123.30","49.11","SANDHEADS CS","1107010","2014-03-23","2014","03","23","","7.6","","3.4","","5.5","","12.5","","0.0","","","M","","M","","M","","","","","<31",""
"-123.30","49.11","SANDHEADS CS","1107010","2014-03-24","2014","03","24","","11.6","","6.2","","8.9","","9.1","","0.0","","","M","","M","","M","","","","","<31",""
"-123.30","49.11","SANDHEADS CS","1107010","2014-03-25","2014","03","25","","10.8","","8.3","","9.6","","8.4","","0.0","","","M","","M","","M","","","18","","48",""
"-123.30","49.11","SANDHEADS CS","1107010","2014-03-26","2014","03","26","","10.0","","7.4","","8.7","","9.3","","0.0","","","M","","M","","M","","","23","","50",""
"-123.30","49.11","SANDHEADS CS","1107010","2014-03-27","2014","03","27","","11.7","","6.7","","9.2","","8.8","","0.0","","","M","","M","","M","","","","","<31",""
"-123.30","49.11","SANDHEADS CS","1107010","2014-03-28","2014","03","28","","9.9","","7.3","","8.6","","9.4","","0.0","","","M","","M","","M","","","10","","48",""
"-123.30","49.11","SANDHEADS CS","1107010","2014-03-29","2014","03","29","","9.8","","8.1","","9.0","","9.0","","0.0","","","M","","M","","M","","","16","","48",""
"-123.30","49.11","SANDHEADS CS","1107010","2014-03-30","2014","03","30","","10.5","","6.9","","8.7","","9.3","","0.0","","","M","","M","","M","","","18","","44",""
"-123.30","49.11","SANDHEADS CS","1107010","2014-03-31","2014","03","31","","9.6","","5.3","","7.5","","10.5","","0.0","","","M","","M","","M","","","33","","33",""
"-123.30","49.11","SANDHEADS CS","1107010","2014-04-01","2014","04","01","","11.5","","7.6","","9.6","","8.4","","0.0","","","M","","M","","M","","","","","<31",""
"-123.30","49.11","SANDHEADS CS","1107010","2014-04-02","2014","04","02","","10.7","","6.0","","8.4","","9.6","","0.0","","","M","","M","","M","","","","","<31",""
"-123.30","49.11","SANDHEADS CS","1107010","2014-04-03","2014","04","03","","10.0","","7.5","","8.8","","9.2","","0.0","","","M","","M","","M","","","18","","46",""
"-123.30","49.11","SANDHEADS CS","1107010","2014-04-04","2014","04","04","","10.3","","8.3","","9.3","","8.7","","0.0","","","M","","M","","M","","","17","","43",""
"-123.30","49.11","SANDHEADS CS","1107010","2014-04-05","2014","04","05","","9.8","","7.0","","8.4","","9.6","","0.0","","","M","","M","","M","","","25","","32",""
"-123.30","49.11","SANDHEADS CS","1107010","2014-04-06","2014","04","06","","10.8","","7.9","","9.4","","8.6","","0.0","","","M","","M","","M","","","","","<31",""
"-123.30","49.11","SANDHEADS CS","1107010","2014-04-07","2014","04","07","","13.9","","8.4","","11.2","","6.8","","0.0","","","M","","M","","M","","","","","<31",""
"-123.30","49.11","SANDHEADS CS","1107010","2014-04-08","2014","04","08","","14.2","","9.4","","11.8","","6.2","","0.0","","","M","","M","","M","","","19","","48",""
"-123.30","49.11","SANDHEADS CS","1107010","2014-04-09","2014","04","09","","11.1","","7.9","","9.5","","8.5","","0.0","","","M","","M","","M","","","30","","46",""
"-123.30","49.11","SANDHEADS CS","1107010","2014-04-10","2014","04","10","","11.1","","6.3","","8.7","","9.3","","0.0","","","M","","M","","M","","","","","<31",""
"-123.30","49.11","SANDHEADS CS","1107010","2014-04-11","2014","04","11","","12.3","","8.4","","10.4","","7.6","","0.0","","","M","","M","","M","","","31","","41",""
"-123.30","49.11","SANDHEADS CS","1107010","2014-04-12","2014","04","12","","13.0","","8.3","","10.7","","7.3","","0.0","","","M","","M","","M","","","31","","48",""
"-123.30","49.11","SANDHEADS CS","1107010","2014-04-13","2014","04","13","","13.7","","7.9","","10.8","","7.2","","0.0","","","M","","M","","M","","","","","<31",""
"-123.30","49.11","SANDHEADS CS","1107010","2014-04-14","2014","04","14","","14.3","","8.6","","11.5","","6.5","","0.0","","","M","","M","","M","","","29","","41",""
"-123.30","49.11","SANDHEADS CS","1107010","2014-04-15","2014","04","15","","12.6","","9.1","","10.9","","7.1","","0.0","","","M","","M","","M","","","26","","46",""
"-123.30","49.11","SANDHEADS CS","1107010","2014-04-16","2014","04","16","","10.7","","7.6","","9.2","","8.8","","0.0","","","M","","M","","M","","","18","","44",""
"-123.30","49.11","SANDHEADS CS","1107010","2014-04-17","2014","04","17","","10.6","","6.7","","8.7","","9.3","","0.0","","","M","","M","","M","","","32","","80",""
"-123.30","49.11","SANDHEADS CS","1107010","2014-04-18","2014","04","18","","11.5","","7.6","","9.6","","8.4","","0.0","","","M","","M","","M","","","","","<31",""
"-123.30","49.11","SANDHEADS CS","1107010","2014-04-19","2014","04","19","","10.9","","7.7","","9.3","","8.7","","0.0","","","M","","M","","M","","","16","","54",""
"-123.30","49.11","SANDHEADS CS","1107010","2014-04-20","2014","04","20","","11.7","","7.9","","9.8","","8.2","","0.0","","","M","","M","","M","","","23","","41",""
"-123.30","49.11","SANDHEADS CS","1107010","2014-04-21","2014","04","21","","9.6","","8.5","","9.1","","8.9","","0.0","","","M","","M","","M","","","31","","41",""
"-123.30","49.11","SANDHEADS CS","1107010","2014-04-22","2014","04","22","","11.0","","7.7","","9.4","","8.6","","0.0","","","M","","M","","M","","","31","","44",""
"-123.30","49.11","SANDHEADS CS","1107010","2014-04-23","2014","04","23","","11.1","","7.3","","9.2","","8.8","","0.0","","","M","","M","","M","","","15","","41",""
"-123.30","49.11","SANDHEADS CS","1107010","2014-04-24","2014","04","24","","11.9","","7.4","","9.7","","8.3","","0.0","","","M","","M","","M","","","22","","54",""
"-123.30","49.11","SANDHEADS CS","1107010","2014-04-25","2014","04","25","","12.0","","6.4","","9.2","","8.8","","0.0","","","M","","M","","M","","","","","<31",""
"-123.30","49.11","SANDHEADS CS","1107010","2014-04-26","2014","04","26","","11.3","","6.0","","8.7","","9.3","","0.0","","","M","","M","","M","","","15","","59",""
"-123.30","49.11","SANDHEADS CS","1107010","2014-04-27","2014","04","27","","10.9","","7.9","","9.4","","8.6","","0.0","","","M","","M","","M","","","14","","61",""
"-123.30","49.11","SANDHEADS CS","1107010","2014-04-28","2014","04","28","","12.6","","6.3","","9.5","","8.5","","0.0","","","M","","M","","M","","","","","<31",""
"-123.30","49.11","SANDHEADS CS","1107010","2014-04-29","2014","04","29","","14.5","","9.1","","11.8","","6.2","","0.0","","","M","","M","","M","","","32","","32",""
"-123.30","49.11","SANDHEADS CS","1107010","2014-04-30","2014","04","30","","14.7","","10.6","","12.7","","5.3","","0.0","","","M","","M","","M","","","","","<31",""
"-123.30","49.11","SANDHEADS CS","1107010","2014-05-01","2014","05","01","","20.7","","12.1","","16.4","","1.6","","0.0","","","M","","M","","M","","","34","","33",""
"-123.30","49.11","SANDHEADS CS","1107010","2014-05-02","2014","05","02","","17.0","","11.2","","14.1","","3.9","","0.0","","","M","","M","","M","","","17","","35",""
"-123.30","49.11","SANDHEADS CS","1107010","2014-05-03","2014","05","03","","13.6","","9.8","","11.7","","6.3","","0.0","","","M","","M","","M","","","20","","43",""
"-123.30","49.11","SANDHEADS CS","1107010","2014-05-04","2014","05","04","","11.0","","8.7","","9.9","","8.1","","0.0","","","M","","M","","M","","","15","","39",""
"-123.30","49.11","SANDHEADS CS","1107010","2014-05-05","2014","05","05","","12.5","","8.4","","10.5","","7.5","","0.0","","","M","","M","","M","","","","","<31",""
"-123.30","49.11","SANDHEADS CS","1107010","2014-05-06","2014","05","06","","15.5","","9.6","","12.6","","5.4","","0.0","","","M","","M","","M","","","","","<31",""
"-123.30","49.11","SANDHEADS CS","1107010","2014-05-07","2014","05","07","","14.9","","8.6","","11.8","","6.2","","0.0","","","M","","M","","M","","","","","<31",""
"-123.30","49.11","SANDHEADS CS","1107010","2014-05-08","2014","05","08","","13.1","","9.8","","11.5","","6.5","","0.0","","","M","","M","","M","","","17","","44",""
"-123.30","49.11","SANDHEADS CS","1107010","2014-05-09","2014","05","09","","13.8","","10.2","","12.0","","6.0","","0.0","","","M","","M","","M","","","22","","39",""
"-123.30","49.11","SANDHEADS CS","1107010","2014-05-10","2014","05","10","","13.7","","9.2","","11.5","","6.5","","0.0","","","M","","M","","M","","","","","<31",""
"-123.30","49.11","SANDHEADS CS","1107010","2014-05-11","2014","05","11","","16.1","","10.3","","13.2","","4.8","","0.0","","","M","","M","","M","","","","","<31",""
"-123.30","49.11","SANDHEADS CS","1107010","2014-05-12","2014","05","12","","17.9","","10.5","","14.2","","3.8","","0.0","","","M","","M","","M","","","31","","43",""
"-123.30","49.11","SANDHEADS CS","1107010","2014-05-13","2014","05","13","","","M","12.4","E","","M","","M","","M","","M","","M","","M","","","","","<31",""
"-123.30","49.11","SANDHEADS CS","1107010","2014-05-14","2014","05","14","","21.1","","14.4","","17.8","","0.2","","0.0","","","M","","M","","M","","","","","<31",""
"-123.30","49.11","SANDHEADS CS","1107010","2014-05-15","2014","05","15","","19.1","","15.9","","17.5","","0.5","","0.0","","","M","","M","","M","","","","","<31",""
"-123.30","49.11","SANDHEADS CS","1107010","2014-05-16","2014","05","16","","19.2","","12.1","","15.7","","2.3","","0.0","","","M","","M","","M","","","15","","44",""
"-123.30","49.11","SANDHEADS CS","1107010","2014-05-17","2014","05","17","","15.3","","12.2","","13.8","","4.2","","0.0","","","M","","M","","M","","","16","","32",""
"-123.30","49.11","SANDHEADS CS","1107010","2014-05-18","2014","05","18","","19.2","","11.8","","15.5","","2.5","","0.0","","","M","","M","","M","","","","","<31",""
"-123.30","49.11","SANDHEADS CS","1107010","2014-05-19","2014","05","19","","17.3","","11.4","","14.4","","3.6","","0.0","","","M","","M","","M","","","","","<31",""
"-123.30","49.11","SANDHEADS CS","1107010","2014-05-20","2014","05","20","","17.5","","12.5","","15.0","","3.0","","0.0","","","M","","M","","M","","","","","<31",""
"-123.30","49.11","SANDHEADS CS","1107010","2014-05-21","2014","05","21","","15.3","","10.8","","13.1","","4.9","","0.0","","","M","","M","","M","","","","","<31",""
"-123.30","49.11","SANDHEADS CS","1107010","2014-05-22","2014","05","22","","17.9","","11.9","","14.9","","3.1","","0.0","","","M","","M","","M","","","","","<31",""
"-123.30","49.11","SANDHEADS CS","1107010","2014-05-23","2014","05","23","","16.7","","12.3","","14.5","","3.5","","0.0","","","M","","M","","M","","","16","","37",""
"-123.30","49.11","SANDHEADS CS","1107010","2014-05-24","2014","05","24","","15.5","","11.6","","13.6","","4.4","","0.0","","","M","","M","","M","","","","","<31",""
"-123.30","49.11","SANDHEADS CS","1107010","2014-05-25","2014","05","25","","13.6","","11.2","","12.4","","5.6","","0.0","","","M","","M","","M","","","","","<31",""
"-123.30","49.11","SANDHEADS CS","1107010","2014-05-26","2014","05","26","","15.8","","11.2","","13.5","","4.5","","0.0","","","M","","M","","M","","","18","","35",""
"-123.30","49.11","SANDHEADS CS","1107010","2014-05-27","2014","05","27","","16.0","","10.6","","13.3","","4.7","","0.0","","","M","","M","","M","","","","","<31",""
"-123.30","49.11","SANDHEADS CS","1107010","2014-05-28","2014","05","28","","16.6","","10.6","","13.6","","4.4","","0.0","","","M","","M","","M","","","","","<31",""
"-123.30","49.11","SANDHEADS CS","1107010","2014-05-29","2014","05","29","","14.7","","11.2","","13.0","","5.0","","0.0","","","M","","M","","M","","","31","","32",""
"-123.30","49.11","SANDHEADS CS","1107010","2014-05-30","2014","05","30","","16.7","","10.1","","13.4","","4.6","","0.0","","","M","","M","","M","","","33","","32",""
"-123.30","49.11","SANDHEADS CS","1107010","2014-05-31","2014","05","31","","19.3","","13.0","","16.2","","1.8","","0.0","","","M","","M","","M","","","","","<31",""
"-123.30","49.11","SANDHEADS CS","1107010","2014-06-01","2014","06","01","","19.0","","11.5","","15.3","","2.7","","0.0","","","M","","M","","M","","","","","<31",""
"-123.30","49.11","SANDHEADS CS","1107010","2014-06-02","2014","06","02","","19.4","","13.8","","16.6","","1.4","","0.0","","","M","","M","","M","","","31","","39",""
"-123.30","49.11","SANDHEADS CS","1107010","2014-06-03","2014","06","03","","18.3","","13.4","","15.9","","2.1","","0.0","","","M","","M","","M","","","31","","59",""
"-123.30","49.11","SANDHEADS CS","1107010","2014-06-04","2014","06","04","","17.4","","12.8","","15.1","","2.9","","0.0","","","M","","M","","M","","","32","","46",""
"-123.30","49.11","SANDHEADS CS","1107010","2014-06-05","2014","06","05","","17.1","","12.5","","14.8","","3.2","","0.0","","","M","","M","","M","","","30","","57",""
"-123.30","49.11","SANDHEADS CS","1107010","2014-06-06","2014","06","06","","17.7","","13.6","","15.7","","2.3","","0.0","","","M","","M","","M","","","32","","41",""
"-123.30","49.11","SANDHEADS CS","1107010","2014-06-07","2014","06","07","","19.5","","13.2","","16.4","","1.6","","0.0","","","M","","M","","M","","","","","<31",""
"-123.30","49.11","SANDHEADS CS","1107010","2014-06-08","2014","06","08","","18.2","","13.6","","15.9","","2.1","","0.0","","","M","","M","","M","","","31","","37",""
"-123.30","49.11","SANDHEADS CS","1107010","2014-06-09","2014","06","09","","18.0","","13.7","","15.9","","2.1","","0.0","","","M","","M","","M","","","31","","63",""
"-123.30","49.11","SANDHEADS CS","1107010","2014-06-10","2014","06","10","","17.0","","12.1","","14.6","","3.4","","0.0","","","M","","M","","M","","","","","<31",""
"-123.30","49.11","SANDHEADS CS","1107010","2014-06-11","2014","06","11","","21.1","","12.0","","16.6","","1.4","","0.0","","","M","","M","","M","","","","","<31",""
"-123.30","49.11","SANDHEADS CS","1107010","2014-06-12","2014","06","12","","20.7","","14.6","","17.7","","0.3","","0.0","","","M","","M","","M","","","","","<31",""
"-123.30","49.11","SANDHEADS CS","1107010","2014-06-13","2014","06","13","","16.6","","12.4","","14.5","","3.5","","0.0","","","M","","M","","M","","","14","","35",""
"-123.30","49.11","SANDHEADS CS","1107010","2014-06-14","2014","06","14","","14.5","","11.7","","13.1","","4.9","","0.0","","","M","","M","","M","","","16","","32",""
"-123.30","49.11","SANDHEADS CS","1107010","2014-06-15","2014","06","15","","14.9","","12.1","","13.5","","4.5","","0.0","","","M","","M","","M","","","","","<31",""
"-123.30","49.11","SANDHEADS CS","1107010","2014-06-16","2014","06","16","","16.5","","11.4","","14.0","","4.0","","0.0","","","M","","M","","M","","","11","","35",""
"-123.30","49.11","SANDHEADS CS","1107010","2014-06-17","2014","06","17","","16.4","","12.3","","14.4","","3.6","","0.0","","","M","","M","","M","","","15","","33",""
"-123.30","49.11","SANDHEADS CS","1107010","2014-06-18","2014","06","18","","15.4","","11.9","","13.7","","4.3","","0.0","","","M","","M","","M","","","13","","35",""
"-123.30","49.11","SANDHEADS CS","1107010","2014-06-19","2014","06","19","","17.1","","12.9","","15.0","","3.0","","0.0","","","M","","M","","M","","","","","<31",""
"-123.30","49.11","SANDHEADS CS","1107010","2014-06-20","2014","06","20","","16.1","","12.5","","14.3","","3.7","","0.0","","","M","","M","","M","","","26","","41",""
"-123.30","49.11","SANDHEADS CS","1107010","2014-06-21","2014","06","21","","17.6","","11.6","","14.6","","3.4","","0.0","","","M","","M","","M","","","","","<31",""
"-123.30","49.11","SANDHEADS CS","1107010","2014-06-22","2014","06","22","","19.2","","12.9","","16.1","","1.9","","0.0","","","M","","M","","M","","","","","<31",""
"-123.30","49.11","SANDHEADS CS","1107010","2014-06-23","2014","06","23","","18.4","","14.2","","16.3","","1.7","","0.0","","","M","","M","","M","","","","","<31",""
"-123.30","49.11","SANDHEADS CS","1107010","2014-06-24","2014","06","24","","19.0","","13.7","","16.4","","1.6","","0.0","","","M","","M","","M","","","","","<31",""
"-123.30","49.11","SANDHEADS CS","1107010","2014-06-25","2014","06","25","","20.1","","15.9","","18.0","","0.0","","0.0","","","M","","M","","M","","","","","<31",""
"-123.30","49.11","SANDHEADS CS","1107010","2014-06-26","2014","06","26","","20.4","","14.5","","17.5","","0.5","","0.0","","","M","","M","","M","","","","","<31",""
"-123.30","49.11","SANDHEADS CS","1107010","2014-06-27","2014","06","27","","17.9","","13.8","","15.9","","2.1","","0.0","","","M","","M","","M","","","18","","41",""
"-123.30","49.11","SANDHEADS CS","1107010","2014-06-28","2014","06","28","","17.3","","13.8","","15.6","","2.4","","0.0","","","M","","M","","M","","","16","","41",""
"-123.30","49.11","SANDHEADS CS","1107010","2014-06-29","2014","06","29","","17.5","","14.1","","15.8","","2.2","","0.0","","","M","","M","","M","","","","","<31",""
"-123.30","49.11","SANDHEADS CS","1107010","2014-06-30","2014","06","30","","19.7","","13.7","","16.7","","1.3","","0.0","","","M","","M","","M","","","","","<31",""
"-123.30","49.11","SANDHEADS CS","1107010","2014-07-01","2014","07","01","","22.1","","16.4","","19.3","","0.0","","1.3","","","M","","M","","M","","","","","<31",""
"-123.30","49.11","SANDHEADS CS","1107010","2014-07-02","2014","07","02","","22.7","","15.5","","19.1","","0.0","","1.1","","","M","","M","","M","","","16","","44",""
"-123.30","49.11","SANDHEADS CS","1107010","2014-07-03","2014","07","03","","18.8","","14.2","","16.5","","1.5","","0.0","","","M","","M","","M","","","16","","35",""
"-123.30","49.11","SANDHEADS CS","1107010","2014-07-04","2014","07","04","","17.2","","13.4","","15.3","","2.7","","0.0","","","M","","M","","M","","","","","<31",""
"-123.30","49.11","SANDHEADS CS","1107010","2014-07-05","2014","07","05","","19.7","","15.4","","17.6","","0.4","","0.0","","","M","","M","","M","","","","","<31",""
"-123.30","49.11","SANDHEADS CS","1107010","2014-07-06","2014","07","06","","21.0","","16.2","","18.6","","0.0","","0.6","","","M","","M","","M","","","","","<31",""
"-123.30","49.11","SANDHEADS CS","1107010","2014-07-07","2014","07","07","","21.9","","16.6","","19.3","","0.0","","1.3","","","M","","M","","M","","","32","","35",""
"-123.30","49.11","SANDHEADS CS","1107010","2014-07-08","2014","07","08","","23.9","","17.4","","20.7","","0.0","","2.7","","","M","","M","","M","","","31","","46",""
"-123.30","49.11","SANDHEADS CS","1107010","2014-07-09","2014","07","09","","21.4","","16.3","","18.9","","0.0","","0.9","","","M","","M","","M","","","32","","56",""
"-123.30","49.11","SANDHEADS CS","1107010","2014-07-10","2014","07","10","","20.5","","15.7","","18.1","","0.0","","0.1","","","M","","M","","M","","","28","","44",""
"-123.30","49.11","SANDHEADS CS","1107010","2014-07-11","2014","07","11","","23.3","","16.7","","20.0","","0.0","","2.0","","","M","","M","","M","","","33","","32",""
"-123.30","49.11","SANDHEADS CS","1107010","2014-07-12","2014","07","12","","23.1","","17.1","","20.1","","0.0","","2.1","","","M","","M","","M","","","","","<31",""
"-123.30","49.11","SANDHEADS CS","1107010","2014-07-13","2014","07","13","","25.2","","16.6","","20.9","","0.0","","2.9","","","M","","M","","M","","","30","","39",""
"-123.30","49.11","SANDHEADS CS","1107010","2014-07-14","2014","07","14","","23.5","","15.9","","19.7","","0.0","","1.7","","","M","","M","","M","","","15","","37",""
"-123.30","49.11","SANDHEADS CS","1107010","2014-07-15","2014","07","15","","22.9","","15.0","","19.0","","0.0","","1.0","","","M","","M","","M","","","","","<31",""
"-123.30","49.11","SANDHEADS CS","1107010","2014-07-16","2014","07","16","","24.7","","18.1","","21.4","","0.0","","3.4","","","M","","M","","M","","","33","","41",""
"-123.30","49.11","SANDHEADS CS","1107010","2014-07-17","2014","07","17","","21.6","","17.6","","19.6","","0.0","","1.6","","","M","","M","","M","","","31","","54",""
"-123.30","49.11","SANDHEADS CS","1107010","2014-07-18","2014","07","18","","20.5","","17.3","","18.9","","0.0","","0.9","","","M","","M","","M","","","32","","37",""
"-123.30","49.11","SANDHEADS CS","1107010","2014-07-19","2014","07","19","","21.4","","15.9","","18.7","","0.0","","0.7","","","M","","M","","M","","","18","","54",""
"-123.30","49.11","SANDHEADS CS","1107010","2014-07-20","2014","07","20","","20.0","","14.9","","17.5","","0.5","","0.0","","","M","","M","","M","","","31","","35",""
"-123.30","49.11","SANDHEADS CS","1107010","2014-07-21","2014","07","21","","19.4","","14.0","","16.7","","1.3","","0.0","","","M","","M","","M","","","","","<31",""
"-123.30","49.11","SANDHEADS CS","1107010","2014-07-22","2014","07","22","","18.7","","14.9","","16.8","","1.2","","0.0","","","M","","M","","M","","","15","","35",""
"-123.30","49.11","SANDHEADS CS","1107010","2014-07-23","2014","07","23","","17.8","","14.5","","16.2","","1.8","","0.0","","","M","","M","","M","","","22","","39",""
"-123.30","49.11","SANDHEADS CS","1107010","2014-07-24","2014","07","24","","19.6","","13.5","","16.6","","1.4","","0.0","","","M","","M","","M","","","18","","33",""
"-123.30","49.11","SANDHEADS CS","1107010","2014-07-25","2014","07","25","","19.4","","13.1","","16.3","","1.7","","0.0","","","M","","M","","M","","","","","<31",""
"-123.30","49.11","SANDHEADS CS","1107010","2014-07-26","2014","07","26","","20.0","","14.7","","17.4","","0.6","","0.0","","","M","","M","","M","","","","","<31",""
"-123.30","49.11","SANDHEADS CS","1107010","2014-07-27","2014","07","27","","22.0","","15.7","","18.9","","0.0","","0.9","","","M","","M","","M","","","","","<31",""
"-123.30","49.11","SANDHEADS CS","1107010","2014-07-28","2014","07","28","","24.2","","16.5","","20.4","","0.0","","2.4","","","M","","M","","M","","","","","<31",""
"-123.30","49.11","SANDHEADS CS","1107010","2014-07-29","2014","07","29","","23.6","","16.6","","20.1","","0.0","","2.1","","","M","","M","","M","","","","","<31",""
"-123.30","49.11","SANDHEADS CS","1107010","2014-07-30","2014","07","30","","23.8","","15.4","","19.6","","0.0","","1.6","","","M","","M","","M","","","","","<31",""
"-123.30","49.11","SANDHEADS CS","1107010","2014-07-31","2014","07","31","","23.0","","17.4","","20.2","","0.0","","2.2","","","M","","M","","M","","","32","","33",""
"-123.30","49.11","SANDHEADS CS","1107010","2014-08-01","2014","08","01","","22.5","","18.9","","20.7","","0.0","","2.7","","","M","","M","","M","","","32","","39",""
"-123.30","49.11","SANDHEADS CS","1107010","2014-08-02","2014","08","02","","24.6","","19.0","","21.8","","0.0","","3.8","","","M","","M","","M","","","","","<31",""
"-123.30","49.11","SANDHEADS CS","1107010","2014-08-03","2014","08","03","","23.6","","18.8","","21.2","","0.0","","3.2","","","M","","M","","M","","","33","","41",""
"-123.30","49.11","SANDHEADS CS","1107010","2014-08-04","2014","08","04","","23.1","","18.9","","21.0","","0.0","","3.0","","","M","","M","","M","","","33","","44",""
"-123.30","49.11","SANDHEADS CS","1107010","2014-08-05","2014","08","05","","21.0","","15.8","","18.4","","0.0","","0.4","","","M","","M","","M","","","12","","32",""
"-123.30","49.11","SANDHEADS CS","1107010","2014-08-06","2014","08","06","","22.2","","16.3","","19.3","","0.0","","1.3","","","M","","M","","M","","","","","<31",""
"-123.30","49.11","SANDHEADS CS","1107010","2014-08-07","2014","08","07","","21.1","","17.3","","19.2","","0.0","","1.2","","","M","","M","","M","","","32","","37",""
"-123.30","49.11","SANDHEADS CS","1107010","2014-08-08","2014","08","08","","20.9","","15.9","","18.4","","0.0","","0.4","","","M","","M","","M","","","32","","35",""
"-123.30","49.11","SANDHEADS CS","1107010","2014-08-09","2014","08","09","","22.8","","16.1","","19.5","","0.0","","1.5","","","M","","M","","M","","","","","<31",""
"-123.30","49.11","SANDHEADS CS","1107010","2014-08-10","2014","08","10","","24.1","","17.3","","20.7","","0.0","","2.7","","","M","","M","","M","","","32","","37",""
"-123.30","49.11","SANDHEADS CS","1107010","2014-08-11","2014","08","11","","23.6","","19.7","","21.7","","0.0","","3.7","","","M","","M","","M","","","32","","33",""
"-123.30","49.11","SANDHEADS CS","1107010","2014-08-12","2014","08","12","","23.4","","19.3","","21.4","","0.0","","3.4","","","M","","M","","M","","","31","","37",""
"-123.30","49.11","SANDHEADS CS","1107010","2014-08-13","2014","08","13","","21.6","","15.6","","18.6","","0.0","","0.6","","","M","","M","","M","","","13","","41",""
"-123.30","49.11","SANDHEADS CS","1107010","2014-08-14","2014","08","14","","21.1","","16.9","","19.0","","0.0","","1.0","","","M","","M","","M","","","15","","33",""
"-123.30","49.11","SANDHEADS CS","1107010","2014-08-15","2014","08","15","","19.6","","15.9","","17.8","","0.2","","0.0","","","M","","M","","M","","","","","<31",""
"-123.30","49.11","SANDHEADS CS","1107010","2014-08-16","2014","08","16","","21.7","","16.9","","19.3","","0.0","","1.3","","","M","","M","","M","","","","","<31",""
"-123.30","49.11","SANDHEADS CS","1107010","2014-08-17","2014","08","17","","21.7","","17.0","","19.4","","0.0","","1.4","","","M","","M","","M","","","","","<31",""
"-123.30","49.11","SANDHEADS CS","1107010","2014-08-18","2014","08","18","","22.3","","18.5","","20.4","","0.0","","2.4","","","M","","M","","M","","","32","","37",""
"-123.30","49.11","SANDHEADS CS","1107010","2014-08-19","2014","08","19","","21.7","","18.7","","20.2","","0.0","","2.2","","","M","","M","","M","","","32","","44",""
"-123.30","49.11","SANDHEADS CS","1107010","2014-08-20","2014","08","20","","20.8","","17.1","","19.0","","0.0","","1.0","","","M","","M","","M","","","32","","43",""
"-123.30","49.11","SANDHEADS CS","1107010","2014-08-21","2014","08","21","","18.7","","15.3","","17.0","","1.0","","0.0","","","M","","M","","M","","","","","<31",""
"-123.30","49.11","SANDHEADS CS","1107010","2014-08-22","2014","08","22","","20.5","","16.3","","18.4","","0.0","","0.4","","","M","","M","","M","","","","","<31",""
"-123.30","49.11","SANDHEADS CS","1107010","2014-08-23","2014","08","23","","20.9","","17.2","","19.1","","0.0","","1.1","","","M","","M","","M","","","","","<31",""
"-123.30","49.11","SANDHEADS CS","1107010","2014-08-24","2014","08","24","","21.8","","16.5","","19.2","","0.0","","1.2","","","M","","M","","M","","","","","<31",""
"-123.30","49.11","SANDHEADS CS","1107010","2014-08-25","2014","08","25","","21.5","","17.7","","19.6","","0.0","","1.6","","","M","","M","","M","","","","","<31",""
"-123.30","49.11","SANDHEADS CS","1107010","2014-08-26","2014","08","26","","22.8","","17.6","","20.2","","0.0","","2.2","","","M","","M","","M","","","","","<31",""
"-123.30","49.11","SANDHEADS CS","1107010","2014-08-27","2014","08","27","","22.5","","18.1","","20.3","","0.0","","2.3","","","M","","M","","M","","","","","<31",""
"-123.30","49.11","SANDHEADS CS","1107010","2014-08-28","2014","08","28","","20.0","","16.2","","18.1","","0.0","","0.1","","","M","","M","","M","","","14","","33",""
"-123.30","49.11","SANDHEADS CS","1107010","2014-08-29","2014","08","29","","19.2","","16.5","","17.9","","0.1","","0.0","","","M","","M","","M","","","15","","37",""
"-123.30","49.11","SANDHEADS CS","1107010","2014-08-30","2014","08","30","","18.4","","15.1","","16.8","","1.2","","0.0","","","M","","M","","M","","","","","<31",""
"-123.30","49.11","SANDHEADS CS","1107010","2014-08-31","2014","08","31","","18.9","","15.8","","17.4","","0.6","","0.0","","","M","","M","","M","","","","","<31",""
"-123.30","49.11","SANDHEADS CS","1107010","2014-09-01","2014","09","01","","18.4","","14.5","","16.5","","1.5","","0.0","","","M","","M","","M","","","","","<31",""
"-123.30","49.11","SANDHEADS CS","1107010","2014-09-02","2014","09","02","","17.6","","14.4","","16.0","","2.0","","0.0","","","M","","M","","M","","","30","","48",""
"-123.30","49.11","SANDHEADS CS","1107010","2014-09-03","2014","09","03","","18.5","","14.0","","16.3","","1.7","","0.0","","","M","","M","","M","","","31","","48",""
"-123.30","49.11","SANDHEADS CS","1107010","2014-09-04","2014","09","04","","18.1","","14.6","","16.4","","1.6","","0.0","","","M","","M","","M","","","","","<31",""
"-123.30","49.11","SANDHEADS CS","1107010","2014-09-05","2014","09","05","","18.7","","15.6","","17.2","","0.8","","0.0","","","M","","M","","M","","","33","","39",""
"-123.30","49.11","SANDHEADS CS","1107010","2014-09-06","2014","09","06","","21.3","","16.5","","18.9","","0.0","","0.9","","","M","","M","","M","","","","","<31",""
"-123.30","49.11","SANDHEADS CS","1107010","2014-09-07","2014","09","07","","23.2","","15.9","","19.6","","0.0","","1.6","","","M","","M","","M","","","","","<31",""
"-123.30","49.11","SANDHEADS CS","1107010","2014-09-08","2014","09","08","","19.5","","15.3","","17.4","","0.6","","0.0","","","M","","M","","M","","","30","","39",""
"-123.30","49.11","SANDHEADS CS","1107010","2014-09-09","2014","09","09","","18.2","","14.8","","16.5","","1.5","","0.0","","","M","","M","","M","","","","","<31",""
"-123.30","49.11","SANDHEADS CS","1107010","2014-09-10","2014","09","10","","19.2","","14.9","","17.1","","0.9","","0.0","","","M","","M","","M","","","","","<31",""
"-123.30","49.11","SANDHEADS CS","1107010","2014-09-11","2014","09","11","","18.0","","14.9","","16.5","","1.5","","0.0","","","M","","M","","M","","","","","<31",""
"-123.30","49.11","SANDHEADS CS","1107010","2014-09-12","2014","09","12","","19.0","","14.5","","16.8","","1.2","","0.0","","","M","","M","","M","","","34","","33",""
"-123.30","49.11","SANDHEADS CS","1107010","2014-09-13","2014","09","13","","19.9","","15.3","","17.6","","0.4","","0.0","","","M","","M","","M","","","","","<31",""
"-123.30","49.11","SANDHEADS CS","1107010","2014-09-14","2014","09","14","","20.8","","15.3","","18.1","","0.0","","0.1","","","M","","M","","M","","","","","<31",""
"-123.30","49.11","SANDHEADS CS","1107010","2014-09-15","2014","09","15","","20.0","","15.2","","17.6","","0.4","","0.0","","","M","","M","","M","","","","","<31",""
"-123.30","49.11","SANDHEADS CS","1107010","2014-09-16","2014","09","16","","18.3","","14.9","","16.6","","1.4","","0.0","","","M","","M","","M","","","11","","32",""
"-123.30","49.11","SANDHEADS CS","1107010","2014-09-17","2014","09","17","","17.5","","15.1","","16.3","","1.7","","0.0","","","M","","M","","M","","","11","","32",""
"-123.30","49.11","SANDHEADS CS","1107010","2014-09-18","2014","09","18","","16.5","","15.0","","15.8","","2.2","","0.0","","","M","","M","","M","","","","","<31",""
"-123.30","49.11","SANDHEADS CS","1107010","2014-09-19","2014","09","19","","18.6","","14.6","","16.6","","1.4","","0.0","","","M","","M","","M","","","","","<31",""
"-123.30","49.11","SANDHEADS CS","1107010","2014-09-20","2014","09","20","","17.5","","14.9","","16.2","","1.8","","0.0","","","M","","M","","M","","","","","<31",""
"-123.30","49.11","SANDHEADS CS","1107010","2014-09-21","2014","09","21","","21.6","","15.0","","18.3","","0.0","","0.3","","","M","","M","","M","","","","","<31",""
"-123.30","49.11","SANDHEADS CS","1107010","2014-09-22","2014","09","22","","18.1","","15.1","","16.6","","1.4","","0.0","","","M","","M","","M","","","13","","37",""
"-123.30","49.11","SANDHEADS CS","1107010","2014-09-23","2014","09","23","","17.7","","15.3","","16.5","","1.5","","0.0","","","M","","M","","M","","","10","","50",""
"-123.30","49.11","SANDHEADS CS","1107010","2014-09-24","2014","09","24","","17.1","","14.9","","16.0","","2.0","","0.0","","","M","","M","","M","","","15","","48",""
"-123.30","49.11","SANDHEADS CS","1107010","2014-09-25","2014","09","25","","17.6","","14.6","","16.1","","1.9","","0.0","","","M","","M","","M","","","","","<31",""
"-123.30","49.11","SANDHEADS CS","1107010","2014-09-26","2014","09","26","","16.3","","13.7","","15.0","","3.0","","0.0","","","M","","M","","M","","","16","","41",""
"-123.30","49.11","SANDHEADS CS","1107010","2014-09-27","2014","09","27","","15.8","","12.7","","14.3","","3.7","","0.0","","","M","","M","","M","","","32","","32",""
"-123.30","49.11","SANDHEADS CS","1107010","2014-09-28","2014","09","28","","15.3","","12.6","","14.0","","4.0","","0.0","","","M","","M","","M","","","","","<31",""
"-123.30","49.11","SANDHEADS CS","1107010","2014-09-29","2014","09","29","","15.7","","12.8","","14.3","","3.7","","0.0","","","M","","M","","M","","","18","","39",""
"-123.30","49.11","SANDHEADS CS","1107010","2014-09-30","2014","09","30","","16.6","","13.8","","15.2","","2.8","","0.0","","","M","","M","","M","","","28","","44",""
"-123.30","49.11","SANDHEADS CS","1107010","2014-10-01","2014","10","01","","16.1","","13.5","","14.8","","3.2","","0.0","","","M","","M","","M","","","30","","39",""
"-123.30","49.11","SANDHEADS CS","1107010","2014-10-02","2014","10","02","","16.1","","10.7","","13.4","","4.6","","0.0","","","M","","M","","M","","","","","<31",""
"-123.30","49.11","SANDHEADS CS","1107010","2014-10-03","2014","10","03","","16.8","","12.3","","14.6","","3.4","","0.0","","","M","","M","","M","","","","","<31",""
"-123.30","49.11","SANDHEADS CS","1107010","2014-10-04","2014","10","04","","16.6","","14.0","","15.3","","2.7","","0.0","","","M","","M","","M","","","","","<31",""
"-123.30","49.11","SANDHEADS CS","1107010","2014-10-05","2014","10","05","","17.1","","14.8","","16.0","","2.0","","0.0","","","M","","M","","M","","","","","<31",""
"-123.30","49.11","SANDHEADS CS","1107010","2014-10-06","2014","10","06","","16.9","","13.2","","15.1","","2.9","","0.0","","","M","","M","","M","","","","","<31",""
"-123.30","49.11","SANDHEADS CS","1107010","2014-10-07","2014","10","07","","16.2","","13.8","","15.0","","3.0","","0.0","","","M","","M","","M","","","","","<31",""
"-123.30","49.11","SANDHEADS CS","1107010","2014-10-08","2014","10","08","","18.0","","12.6","","15.3","","2.7","","0.0","","","M","","M","","M","","","","","<31",""
"-123.30","49.11","SANDHEADS CS","1107010","2014-10-09","2014","10","09","","15.7","","13.1","","14.4","","3.6","","0.0","","","M","","M","","M","","","","","<31",""
"-123.30","49.11","SANDHEADS CS","1107010","2014-10-10","2014","10","10","","14.5","","11.0","","12.8","","5.2","","0.0","","","M","","M","","M","","","14","","41",""
"-123.30","49.11","SANDHEADS CS","1107010","2014-10-11","2014","10","11","","16.3","","12.8","","14.6","","3.4","","0.0","","","M","","M","","M","","","18","","32",""
"-123.30","49.11","SANDHEADS CS","1107010","2014-10-12","2014","10","12","","13.9","","11.7","","12.8","","5.2","","0.0","","","M","","M","","M","","","","","<31",""
"-123.30","49.11","SANDHEADS CS","1107010","2014-10-13","2014","10","13","","15.3","","12.4","","13.9","","4.1","","0.0","","","M","","M","","M","","","12","","39",""
"-123.30","49.11","SANDHEADS CS","1107010","2014-10-14","2014","10","14","","14.7","","11.0","","12.9","","5.1","","0.0","","","M","","M","","M","","","17","","41",""
"-123.30","49.11","SANDHEADS CS","1107010","2014-10-15","2014","10","15","","13.6","","11.0","","12.3","","5.7","","0.0","","","M","","M","","M","","","19","","37",""
"-123.30","49.11","SANDHEADS CS","1107010","2014-10-16","2014","10","16","","15.6","","11.9","","13.8","","4.2","","0.0","","","M","","M","","M","","","14","","39",""
"-123.30","49.11","SANDHEADS CS","1107010","2014-10-17","2014","10","17","","14.5","","11.7","","13.1","","4.9","","0.0","","","M","","M","","M","","","16","","48",""
"-123.30","49.11","SANDHEADS CS","1107010","2014-10-18","2014","10","18","","16.5","","12.5","","14.5","","3.5","","0.0","","","M","","M","","M","","","16","","43",""
"-123.30","49.11","SANDHEADS CS","1107010","2014-10-19","2014","10","19","","18.3","","13.3","","15.8","","2.2","","0.0","","","M","","M","","M","","","13","","35",""
"-123.30","49.11","SANDHEADS CS","1107010","2014-10-20","2014","10","20","","14.7","","12.5","","13.6","","4.4","","0.0","","","M","","M","","M","","","16","","32",""
"-123.30","49.11","SANDHEADS CS","1107010","2014-10-21","2014","10","21","","14.8","","12.1","","13.5","","4.5","","0.0","","","M","","M","","M","","","16","","59",""
"-123.30","49.11","SANDHEADS CS","1107010","2014-10-22","2014","10","22","","14.8","","11.5","","13.2","","4.8","","0.0","","","M","","M","","M","","","17","","78",""
"-123.30","49.11","SANDHEADS CS","1107010","2014-10-23","2014","10","23","","13.0","","10.2","","11.6","","6.4","","0.0","","","M","","M","","M","","","19","","41",""
"-123.30","49.11","SANDHEADS CS","1107010","2014-10-24","2014","10","24","","12.4","","9.9","","11.2","","6.8","","0.0","","","M","","M","","M","","","","","<31",""
"-123.30","49.11","SANDHEADS CS","1107010","2014-10-25","2014","10","25","","12.3","","8.8","","10.6","","7.4","","0.0","","","M","","M","","M","","","30","","70",""
"-123.30","49.11","SANDHEADS CS","1107010","2014-10-26","2014","10","26","","11.4","","8.7","","10.1","","7.9","","0.0","","","M","","M","","M","","","31","","65",""
"-123.30","49.11","SANDHEADS CS","1107010","2014-10-27","2014","10","27","","12.0","","8.7","","10.4","","7.6","","0.0","","","M","","M","","M","","","10","","46",""
"-123.30","49.11","SANDHEADS CS","1107010","2014-10-28","2014","10","28","","12.9","","9.4","","11.2","","6.8","","0.0","","","M","","M","","M","","","16","","57",""
"-123.30","49.11","SANDHEADS CS","1107010","2014-10-29","2014","10","29","","15.2","","11.8","","13.5","","4.5","","0.0","","","M","","M","","M","","","18","","48",""
"-123.30","49.11","SANDHEADS CS","1107010","2014-10-30","2014","10","30","","12.5","","11.1","","11.8","","6.2","","0.0","","","M","","M","","M","","","12","","35",""
"-123.30","49.11","SANDHEADS CS","1107010","2014-10-31","2014","10","31","","11.7","","10.1","","10.9","","7.1","","0.0","","","M","","M","","M","","","30","","32",""
"-123.30","49.11","SANDHEADS CS","1107010","2014-11-01","2014","11","01","","10.9","","8.7","","9.8","","8.2","","0.0","","","M","","M","","M","","","","","<31",""
"-123.30","49.11","SANDHEADS CS","1107010","2014-11-02","2014","11","02","","10.3","","8.6","","9.5","","8.5","","0.0","","","M","","M","","M","","","13","","35",""
"-123.30","49.11","SANDHEADS CS","1107010","2014-11-03","2014","11","03","","12.6","","9.4","","11.0","","7.0","","0.0","","","M","","M","","M","","","14","","61",""
"-123.30","49.11","SANDHEADS CS","1107010","2014-11-04","2014","11","04","","13.0","","10.4","","11.7","","6.3","","0.0","","","M","","M","","M","","","17","","57",""
"-123.30","49.11","SANDHEADS CS","1107010","2014-11-05","2014","11","05","","12.9","","9.9","","11.4","","6.6","","0.0","","","M","","M","","M","","","8","","35",""
"-123.30","49.11","SANDHEADS CS","1107010","2014-11-06","2014","11","06","","16.0","","11.1","","13.6","","4.4","","0.0","","","M","","M","","M","","","19","","80",""
"-123.30","49.11","SANDHEADS CS","1107010","2014-11-07","2014","11","07","","12.9","","9.6","","11.3","","6.7","","0.0","","","M","","M","","M","","","","","<31",""
"-123.30","49.11","SANDHEADS CS","1107010","2014-11-08","2014","11","08","","10.0","","7.6","","8.8","","9.2","","0.0","","","M","","M","","M","","","","","<31",""
"-123.30","49.11","SANDHEADS CS","1107010","2014-11-09","2014","11","09","","11.2","","7.9","","9.6","","8.4","","0.0","","","M","","M","","M","","","31","","54",""
"-123.30","49.11","SANDHEADS CS","1107010","2014-11-10","2014","11","10","","9.4","","6.7","","8.1","","9.9","","0.0","","","M","","M","","M","","","","","<31",""
"-123.30","49.11","SANDHEADS CS","1107010","2014-11-11","2014","11","11","","8.1","","5.5","","6.8","","11.2","","0.0","","","M","","M","","M","","","9","","57",""
"-123.30","49.11","SANDHEADS CS","1107010","2014-11-12","2014","11","12","","7.1","","3.2","","5.2","","12.8","","0.0","","","M","","M","","M","","","14","","46",""
"-123.30","49.11","SANDHEADS CS","1107010","2014-11-13","2014","11","13","","6.5","","3.1","","4.8","","13.2","","0.0","","","M","","M","","M","","","9","","32",""
"-123.30","49.11","SANDHEADS CS","1107010","2014-11-14","2014","11","14","","6.0","","2.5","","4.3","","13.7","","0.0","","","M","","M","","M","","","","","<31",""
"-123.30","49.11","SANDHEADS CS","1107010","2014-11-15","2014","11","15","","5.6","","2.8","","4.2","","13.8","","0.0","","","M","","M","","M","","","","","<31",""
"-123.30","49.11","SANDHEADS CS","1107010","2014-11-16","2014","11","16","","6.2","","1.9","","4.1","","13.9","","0.0","","","M","","M","","M","","","","","<31",""
"-123.30","49.11","SANDHEADS CS","1107010","2014-11-17","2014","11","17","","6.3","","2.0","","4.2","","13.8","","0.0","","","M","","M","","M","","","","","<31",""
"-123.30","49.11","SANDHEADS CS","1107010","2014-11-18","2014","11","18","","7.2","","3.0","","5.1","","12.9","","0.0","","","M","","M","","M","","","","","<31",""
"-123.30","49.11","SANDHEADS CS","1107010","2014-11-19","2014","11","19","","7.5","","4.7","","6.1","","11.9","","0.0","","","M","","M","","M","","","","","<31",""
"-123.30","49.11","SANDHEADS CS","1107010","2014-11-20","2014","11","20","","9.5","","6.3","","7.9","","10.1","","0.0","","","M","","M","","M","","","12","","39",""
"-123.30","49.11","SANDHEADS CS","1107010","2014-11-21","2014","11","21","","10.5","","8.0","","9.3","","8.7","","0.0","","","M","","M","","M","","","15","","54",""
"-123.30","49.11","SANDHEADS CS","1107010","2014-11-22","2014","11","22","","9.9","","6.9","","8.4","","9.6","","0.0","","","M","","M","","M","","","31","","57",""
"-123.30","49.11","SANDHEADS CS","1107010","2014-11-23","2014","11","23","","11.5","","6.4","","9.0","","9.0","","0.0","","","M","","M","","M","","","18","","61",""
"-123.30","49.11","SANDHEADS CS","1107010","2014-11-24","2014","11","24","","9.3","","5.1","","7.2","","10.8","","0.0","","","M","","M","","M","","","9","","33",""
"-123.30","49.11","SANDHEADS CS","1107010","2014-11-25","2014","11","25","","7.9","","5.8","","6.9","","11.1","","0.0","","","M","","M","","M","","","36","","32",""
"-123.30","49.11","SANDHEADS CS","1107010","2014-11-26","2014","11","26","","11.6","","5.5","","8.6","","9.4","","0.0","","","M","","M","","M","","","15","","39",""
"-123.30","49.11","SANDHEADS CS","1107010","2014-11-27","2014","11","27","","14.0","","10.1","","12.1","","5.9","","0.0","","","M","","M","","M","","","17","","61",""
"-123.30","49.11","SANDHEADS CS","1107010","2014-11-28","2014","11","28","","13.4","","1.3","","7.4","","10.6","","0.0","","","M","","M","","M","","","31","","63",""
"-123.30","49.11","SANDHEADS CS","1107010","2014-11-29","2014","11","29","","2.4","","-3.6","","-0.6","","18.6","","0.0","","","M","","M","","M","","","30","","48",""
"-123.30","49.11","SANDHEADS CS","1107010","2014-11-30","2014","11","30","","2.0","","-3.6","","-0.8","","18.8","","0.0","","","M","","M","","M","","","","","<31",""
"-123.30","49.11","SANDHEADS CS","1107010","2014-12-01","2014","12","01","","2.3","","-1.5","","0.4","","17.6","","0.0","","","M","","M","","M","","","","","<31",""
"-123.30","49.11","SANDHEADS CS","1107010","2014-12-02","2014","12","02","","4.8","","-0.9","","2.0","","16.0","","0.0","","","M","","M","","M","","","32","","44",""
"-123.30","49.11","SANDHEADS CS","1107010","2014-12-03","2014","12","03","","5.5","","0.6","","3.1","","14.9","","0.0","","","M","","M","","M","","","33","","39",""
"-123.30","49.11","SANDHEADS CS","1107010","2014-12-04","2014","12","04","","5.2","","2.3","","3.8","","14.2","","0.0","","","M","","M","","M","","","","","<31",""
"-123.30","49.11","SANDHEADS CS","1107010","2014-12-05","2014","12","05","","6.6","","3.4","","5.0","","13.0","","0.0","","","M","","M","","M","","","","","<31",""
"-123.30","49.11","SANDHEADS CS","1107010","2014-12-06","2014","12","06","","9.9","","5.6","","7.8","","10.2","","0.0","","","M","","M","","M","","","16","","35",""
"-123.30","49.11","SANDHEADS CS","1107010","2014-12-07","2014","12","07","","9.6","","6.9","","8.3","","9.7","","0.0","","","M","","M","","M","","","","","<31",""
"-123.30","49.11","SANDHEADS CS","1107010","2014-12-08","2014","12","08","","12.1","","7.4","","9.8","","8.2","","0.0","","","M","","M","","M","","","13","","56",""
"-123.30","49.11","SANDHEADS CS","1107010","2014-12-09","2014","12","09","","15.0","","9.3","","12.2","","5.8","","0.0","","","M","","M","","M","","","15","","70",""
"-123.30","49.11","SANDHEADS CS","1107010","2014-12-10","2014","12","10","","13.5","","9.1","","11.3","","6.7","","0.0","","","M","","M","","M","","","19","","69",""
"-123.30","49.11","SANDHEADS CS","1107010","2014-12-11","2014","12","11","","12.9","","7.3","","10.1","","7.9","","0.0","","","M","","M","","M","","","15","","91",""
"-123.30","49.11","SANDHEADS CS","1107010","2014-12-12","2014","12","12","","12.7","","7.8","","10.3","","7.7","","0.0","","","M","","M","","M","","","16","","89",""
"-123.30","49.11","SANDHEADS CS","1107010","2014-12-13","2014","12","13","","7.8","","5.8","","6.8","","11.2","","0.0","","","M","","M","","M","","","","","<31",""
"-123.30","49.11","SANDHEADS CS","1107010","2014-12-14","2014","12","14","","7.5","","3.7","","5.6","","12.4","","0.0","","","M","","M","","M","","","","","<31",""
"-123.30","49.11","SANDHEADS CS","1107010","2014-12-15","2014","12","15","","8.1","","3.7","","5.9","","12.1","","0.0","","","M","","M","","M","","","","","<31",""
"-123.30","49.11","SANDHEADS CS","1107010","2014-12-16","2014","12","16","","8.0","","5.7","","6.9","","11.1","","0.0","","","M","","M","","M","","","","","<31",""
"-123.30","49.11","SANDHEADS CS","1107010","2014-12-17","2014","12","17","","7.3","","5.9","","6.6","","11.4","","0.0","","","M","","M","","M","","","","","<31",""
"-123.30","49.11","SANDHEADS CS","1107010","2014-12-18","2014","12","18","","8.4","","5.9","","7.2","","10.8","","0.0","","","M","","M","","M","","","11","","44",""
"-123.30","49.11","SANDHEADS CS","1107010","2014-12-19","2014","12","19","","10.0","","7.0","","8.5","","9.5","","0.0","","","M","","M","","M","","","22","","43",""
"-123.30","49.11","SANDHEADS CS","1107010","2014-12-20","2014","12","20","","11.8","","6.0","","8.9","","9.1","","0.0","","","M","","M","","M","","","14","","61",""
"-123.30","49.11","SANDHEADS CS","1107010","2014-12-21","2014","12","21","","12.2","","6.6","","9.4","","8.6","","0.0","","","M","","M","","M","","","20","","54",""
"-123.30","49.11","SANDHEADS CS","1107010","2014-12-22","2014","12","22","","11.2","","5.5","","8.4","","9.6","","0.0","","","M","","M","","M","","","30","","33",""
"-123.30","49.11","SANDHEADS CS","1107010","2014-12-23","2014","12","23","","7.2","","5.7","","6.5","","11.5","","0.0","","","M","","M","","M","","","11","","43",""
"-123.30","49.11","SANDHEADS CS","1107010","2014-12-24","2014","12","24","","8.2","","6.3","","7.3","","10.7","","0.0","","","M","","M","","M","","","31","","57",""
"-123.30","49.11","SANDHEADS CS","1107010","2014-12-25","2014","12","25","","7.0","","4.2","","5.6","","12.4","","0.0","","","M","","M","","M","","","32","","35",""
"-123.30","49.11","SANDHEADS CS","1107010","2014-12-26","2014","12","26","","4.8","","4.0","","4.4","","13.6","","0.0","","","M","","M","","M","","","","","<31",""
"-123.30","49.11","SANDHEADS CS","1107010","2014-12-27","2014","12","27","","7.0","","3.7","","5.4","","12.6","","0.0","","","M","","M","","M","","","31","","61",""
"-123.30","49.11","SANDHEADS CS","1107010","2014-12-28","2014","12","28","","6.9","","2.9","","4.9","","13.1","","0.0","","","M","","M","","M","","","31","","59",""
"-123.30","49.11","SANDHEADS CS","1107010","2014-12-29","2014","12","29","","6.3","","1.0","","3.7","","14.3","","0.0","","","M","","M","","M","","","10","","41",""
"-123.30","49.11","SANDHEADS CS","1107010","2014-12-30","2014","12","30","","2.8","","-0.1","","1.4","","16.6","","0.0","","","M","","M","","M","","","9","","41",""
"-123.30","49.11","SANDHEADS CS","1107010","2014-12-31","2014","12","31","","3.0","","-0.3","","1.4","","16.6","","0.0","","","M","","M","","M","","","","","<31",""
